0.2949838063638124,1.3057550114475234,0
-1.0180832839132377,0.30682733847777666,0
-0.4137103292497873,1.2737846318049224,0
-0.4735550664209872,0.7838271991206918,0
0.19655540585553186,0.38864076997914265,1
0.25247483790747116,0.6988910617469049,0
-0.05875392653856633,1.0947429089636804,0
-0.6800277502075155,0.642348637506523,0
-0.6897854287864648,0.9591852958236384,0
-0.11855847663163827,0.6225629388273451,0
-1.2436399744597115,0.3083618723940954,0
0.07462828766952784,1.3827083370666222,0
1.39032611279724,-0.4486469628050105,1
-0.30770115988048563,0.8525336950921915,0
-0.8423889823902135,1.115135413248082,0
-0.7362666778035701,0.6252743432799283,0
0.2442159130508922,0.9082767289159838,0
-0.7094338094895151,0.6886090686543099,0
0.573129676417298,0.6554814153904575,0
0.5160406190797423,1.1274122708141623,0
0.910278415207926,-0.14870261042285216,0
0.025906624202140405,1.23584222905113,0
0.5806673214031652,1.0659594951990885,0
1.9942358191734662,0.1754438081007102,1
1.0737298774505044,0.5437047243810335,0
-0.8915205128130523,0.4334419174729592,0
2.1778040425843654,0.5398281906141874,1
0.6396642176218132,0.42738057908279126,0
-1.048277176927554,0.7914142220454781,0
-0.6361800319790549,0.5067294080277531,0
0.8460802855050165,0.7877961709951167,0
-0.9172144278452797,0.018110250592460964,0
-0.7728760161866925,0.16373712219057562,0
0.18713259701771104,1.0122936087584433,0
-0.31159214353264475,0.43610238680332847,0
-0.9844234490809434,0.43149828587485073,0
-0.6236644378282097,0.6097370537548116,0
-0.5285313511560765,0.41074211382587344,0
-0.025118787693034383,1.0319264814867626,0
0.6620560522503798,0.7208380757429778,0
0.2658040399984988,0.6840725464604263,0
-0.06473221985688653,0.7214755208921437,0
0.6326451827031266,0.3023737371013462,0
-0.24493279600049847,1.1279619793688962,0
-0.951603154674111,0.31119049477604044,0
-0.26145223430121717,0.9975528083079401,0
-0.9996519445022988,0.028179627255413647,0
-0.45947705974906294,0.7353351021735298,0
-0.9155315027730073,0.909428430695004,0
0.15130282284590457,0.6791541514299406,0
-0.07711338201006501,0.8222469955200865,0
-0.6237989243300915,0.8518356162377232,0
-0.2303916085261376,1.099918052662761,0
0.5757941135570569,1.149770756874681,0
0.6310680012095595,-0.5971226254015258,1
1.1050594046758844,0.4194781287542019,0
0.548535847109296,0.9277088417861312,0
0.6418183655086724,0.19102931839418236,1
2.273329004198798,0.4547143565064653,1
-0.7090312753141663,1.0010047093694447,0
-1.2020650853972166,0.6140019765434795,0
0.332281617406457,1.295628835430908,0
0.504058615603046,0.9130955882360934,0
-0.6099137982109161,0.5326315643643924,0
0.6530350025292585,0.8650828967222552,0
-0.8175873900265236,0.01921667830514917,0
-0.9693939281219772,0.328602429925476,0
-1.3006417654790892,-0.1789421458469,0
1.107613832123901,0.4066507838342527,0
0.47281793784992937,1.040265173322281,0
1.6939717178863285,0.22274205316937745,1
0.582696596474249,-0.1013970436142703,1
0.9732096332376252,0.6072465550235487,0
1.0248739594352092,0.16316803646607453,0
0.572363831012357,0.9357205757388262,0
-0.5220867105643533,0.9281144021445502,0
-0.3188525659233597,0.850352974815732,0
0.05354077431135725,0.9922069132939444,0
0.4011608578450569,0.4103872981186093,0
0.47503375508914103,1.153097644495836,0
0.2625878531171095,1.2629486613197731,0
0.7382849798585471,1.1236415473174968,0
-1.0928009615583316,0.7160058615362719,0
0.5040278015744719,1.1074876674372809,0
0.5431384775727652,0.14015177101391962,0
-0.2602170148991476,1.100458652777289,0
0.7472261938649714,0.49489498963475603,0
0.7080796132545826,0.58518059689094,0
1.141072778007917,0.3031647296434507,0
0.08716759325405544,1.126507915077474,0
0.905158747065346,-0.343287673228018,1
-0.9624261412157862,0.7611749151921683,0
0.9356013421003535,-0.037793077065507996,0
0.9376358875499762,-0.08152576494961783,0
-0.33823264878842374,0.854692028353817,0
1.6410323545908252,-0.2181724400733212,1
0.7219321459059129,-0.7787515566860637,1
-0.37911830844268934,0.9549470413681318,0
-0.1656538934451025,0.9250550114600472,0
1.6460722343354561,-0.19361679587129865,1
0.7395262396912672,0.6853313358341759,0
0.8723662113443414,0.15822018596298415,0
-0.7412050511819077,0.689449179241344,0
0.3015143961418701,0.978728321849832,0
-1.3119110921509798,0.2077830569846269,0
-0.9680454539163015,0.47644263051725666,0
-1.2152220657545545,1.0144917134656621,0
-1.1854683864901296,0.11789883598442127,0
-0.12595503454965906,0.8709645707019262,0
-1.4266406340459743,0.08614836372739756,0
-0.08126348078356875,0.2719577507065264,1
-0.21676087427686225,0.6567726305441566,0
0.7046696237500213,-0.5443112327203773,1
-1.1783163135270782,0.03896829454228044,0
-0.844600974391204,-0.08248537005832815,0
0.9268992751036376,1.1899773632791897,0
-0.9210216480069843,0.3675855415530568,0
0.5133165677944349,0.8400245752218557,0
-0.9962606954186035,0.13780472842670283,0
-0.7828349328899477,0.8223205433242875,0
0.37060562949088816,0.968205405851861,0
0.975417078577889,-0.3550992966441743,0
0.5884475933050032,0.9678173794721523,0
-0.7335525651914674,0.44942619378889553,0
-0.04869752669643099,0.0028109887146381823,1
-0.4838474642600169,0.4454885335575662,0
0.04616880059433522,0.2551823759540661,1
0.5660809901315589,0.6085148238870637,0
-0.0946984234676522,0.8434928459254555,0
1.0270136191506065,0.3746210599733628,0
-0.9788235782778784,0.20893541549438882,0
0.787887411195671,-0.539038749233688,0
-0.9977054989657453,0.3009301366162796,0
0.20364040471881661,0.7340259725911253,0
0.7849999202491978,-0.4646706917930256,1
1.012088834035114,-0.6883318229201585,1
-1.1053239784843327,0.1668226305709111,0
0.10452122652883289,0.8613214856693368,0
-1.0373922762824705,0.5376425939456689,0
-0.5808095167789615,0.40740313561985364,0
-0.09507939584467437,1.3343292072809203,0
0.43350181544922584,0.7611231910462245,0
-0.02023721806416426,-0.09150101377498349,1
0.8527940600794728,0.11021660763610122,0
0.12577986317276668,0.8349671173939005,0
-0.5902474350601599,0.7829065370120651,0
-1.1277152525140741,0.07978327705307367,0
-0.7867534364153355,0.3422358788649953,0
-0.19847565090824426,0.2906320342045158,1
0.5280272101894905,0.834916616581528,0
0.6104201675748853,0.5264302416666413,0
0.9717317157644879,0.615650859339745,0
1.7379378829068028,0.32699616438479584,1
-1.2029255601256912,0.26877633774810283,0
-0.3044653810862826,0.9469218912008057,0
0.05978794771213834,1.0362379480718957,0
1.2362871070134427,0.7044501212849109,0
-0.6840658804863299,0.6925807417100095,0
-0.7868540986229334,0.1394776487958928,0
0.03417607225838685,0.44785896427268923,1
-0.21237698490738172,1.0017299016491001,0
1.1060926038012167,0.14520721371878903,0
0.7128569745623943,0.6651140076473818,0
0.9991781584161299,0.8868282699377901,0
1.2414076579869349,0.47017749164510686,0
-0.0126544345075435,1.0341748860904258,0
-0.03589627487691661,0.8412019120052016,0
-0.13689571164424588,0.5854499787240361,1
-0.17766946628497482,1.1419895652562515,0
-0.7581837646441452,0.3567433918584088,0
-0.7864622206087039,0.15047595724304336,0
-0.14162057512635998,1.3087050549326749,0
-0.08311658340766145,0.9978575133026963,0
-1.4571215434934044,0.22924549072550898,0
-1.057027589365164,0.4532064170044117,0
0.5049518088103822,0.9395652453469667,0
-0.9104632118090608,-0.05823018684186773,0
-0.3481259096125672,0.9828667357365518,0
0.16751227067540927,0.5774090446234532,0
1.310114052134736,-0.7850012933463968,1
1.1546050308805367,0.574382924030108,0
-1.2245672544986843,0.3260704612775113,0
0.5698736096636164,0.358982630926992,0
-1.0067622835995598,0.15290978248201642,0
0.46716524602783194,0.9913816315424032,0
0.865163633078258,-0.07320903783354335,0
0.3050334793229675,0.9623819457782937,0
1.1098597650706852,0.06575292835208661,0
0.7440171215367184,0.15114608880663008,0
0.20609980056430968,0.9389514586650172,0
-0.05298409709450393,1.1264148426481089,0
0.9142044357061768,0.16633560937423725,0
0.23435132446090945,0.7594079542801404,0
-0.35399642518158597,0.7146244588802235,0
1.5219558409912466,-0.008917128624386504,1
1.8483476836709616,0.2613893079506453,1
-0.3805020755991579,1.0959797632657504,0
-0.11877738201341903,0.928974281477618,0
0.26452533929744265,1.0724055902877883,0
-0.04010816098960117,0.5717005105841471,0
-0.14998067787825875,-0.2806143883020031,1
-0.5475705735430264,0.6099467639457986,0
-0.9936358869360621,0.27255353033483876,0
0.6874371168274013,-0.5338892569592596,1
-0.7157861996878285,0.35965574803984934,0
-0.37685836307184917,0.5944386027657071,0
-1.028520823879449,0.16343417791043094,0
-0.4549566330821626,0.6380582530435752,0
-1.1158571551213659,0.7210618488976237,0
0.5542617568357661,0.6649147520506544,0
0.6882793600833781,0.9728780427594039,0
-0.5357600348101452,1.0160784521737447,0
-1.0865571385889716,0.2433426740067057,0
0.5979503759208833,0.4709521152443876,0
0.4882044676753023,1.3390973665863255,0
-0.5901234481772367,0.6741503244627836,0
-0.43074263364743764,1.0351275359856924,0
-0.2694207723263472,0.7930208146129075,0
-0.33286840486862423,0.8349120609843611,0
-0.911879504786337,1.1745642290344034,0
-0.9506558324523933,0.46407805845712724,0
-0.9778463964336069,0.1611707138628904,0
0.5472632713680163,1.0454273200820008,0
0.6604693597807086,0.8941583984468783,0
0.9014889706037519,0.8354867356638375,0
-0.10494191804187569,0.552075066631744,1
0.8334438955307888,0.6801118439894032,0
-0.44867417785925,0.9925711896393178,0
0.31070807872255624,0.9260133689269323,0
-0.9437602821168642,0.5382717126462575,0
-0.6234147835578612,0.7769648819625365,0
-0.8750136260500566,0.6108031890510393,0
-0.9877864052416003,0.7314722561114037,0
0.9946851239884458,0.6526576806233635,0
1.4973639135515722,-0.4315098927345491,1
-0.8682526466501103,0.41808613383124904,0
-0.30505165433042103,0.3457050545179118,0
0.8785897802649789,0.8098993498415543,0
0.19834987998558912,1.3863042955771885,0
0.2567815964988828,1.392743279995579,0
1.5808727770011275,-0.4391938921881319,1
0.028893091671789356,1.1105841446942037,0
-0.14680160921262606,0.9050380570274379,0
0.5666270900286337,0.8024743003036077,0
0.2519748502669018,0.954110746336323,0
-0.6416047875280109,0.9270411483138492,0
0.4869225875120443,0.6262437534644124,0
0.7776645283349433,0.6473278691112044,0
1.197107184415185,0.2038799362004046,0
0.6489417423698244,0.594077062462646,0
0.4738448661267226,1.273981825154941,0
-0.8283730686424872,0.22391136703162326,0
0.15433413094847878,1.0296752817389017,0
-0.4300892617085861,0.19656163291180073,0
-0.6832730172557495,0.8342166826288567,0
-0.5138271745452329,0.80152062516103,0
-0.7301280961652021,0.023289008457511293,0
-1.1375393571786778,0.28755433904716965,0
1.0098286464761286,-0.2976040464572305,0
-0.572119812443229,0.5205002374742291,0
-0.944082906096566,0.11114395850290615,0
-0.33974210420274814,1.1470729321914832,0
0.7031343252407153,0.5925039700828485,0
-0.2736384612290219,0.8649561320522163,0
-0.686922982261488,0.7406890107999452,0
-0.38421747023830943,0.5388484218864051,0
0.7988438745535545,1.025215761519936,0
1.1859837267742608,-0.050340427728006065,0
-0.39685177782788084,0.9164046596172278,0
-0.21849844457586926,0.7383158958314593,0
-0.5910503119107205,0.7652682290934409,0
-0.08299486970755135,1.4436479413519752,0
-0.9956452995658286,0.7099418542596911,0
1.185465584139788,-0.11443443150665775,0
-0.08245748266269223,0.9827887644131744,0
-0.8316046753906872,-0.09466767814596175,0
-0.16695074267548823,0.7489211919605312,0
-0.18508586654117792,0.766374493677197,0
1.6456544693189765,-0.49370898335874436,1
-0.9193153061486532,0.603788916594825,0
-0.4129187174110228,0.8589449242168804,0
-0.3886077754518048,0.9681509633998282,0
0.7552879543910574,0.7635499847467845,0
-0.27168995630399506,1.2039643135279154,0
0.5133841390904342,0.5898411402760642,0
-0.6521002311478683,0.8663587117789537,0
0.07521629686499012,1.143785493867398,0
0.7035323322817999,0.6924084869051634,0
0.26602563195691553,0.8806326690454908,0
0.9025122203458199,0.5218676480203026,0
-0.8066187829097993,0.4539594595659733,0
0.7872715188298558,0.733773699018045,0
-0.4278027126188562,0.9176446959712738,0
0.805803205270056,0.8183116492961751,0
0.05093902234463257,0.963505099636872,0
0.4666648148997945,-0.503672690291868,1
0.6414514566278866,1.02512938937201,0
0.7609760509553511,0.37403818852894805,0
1.7197628946600214,-0.5559731459410777,1
-0.2145948958664782,1.0857392427497863,0
0.4770236432211866,0.9700528894161173,0
-0.03022363561354402,0.7390569318023681,1
0.931368470144034,0.4722374118994367,0
0.3636817619818878,0.9648382963184728,0
-0.9244746290512825,0.4296205883448828,0
0.21245528305798322,0.49700647122645053,0
-0.9568978924241038,0.22000019795482179,0
0.031648023446607776,0.6257254903703833,0
0.09366935925911377,0.9834324235723891,0
1.10661478181408,0.5934816622555266,0
0.2267136155490404,0.7846803893149853,0
0.5145129039354565,-0.6383141267197527,1
-0.5540071011449735,0.6513425213228103,0
-0.5318536613962336,1.1669687160411855,0
0.7600855624879647,0.7422321615012346,0
-0.5039584270057075,0.8064319635601238,0
0.09612000443312241,0.760626130968354,0
1.3919381404132731,0.12572283119715943,1
0.031596523297795914,1.0593662553875673,0
1.034441117729942,-0.12620401524856978,0
0.6527685580480955,0.4994042934976704,0
-0.8418876036706685,0.6872504847056723,0
1.0727002116230517,0.11638514680021639,0
1.2553662288677996,0.10730745089078819,0
0.7550027172209237,0.5022104286224978,0
1.1756498769425867,0.2722993399889275,0
-1.1214529076793356,0.2588889290070266,0
-0.18590564888980593,0.7659403090717267,0
0.29760101495380364,0.8695674914142092,0
-0.2809998999526399,0.7522322615482009,0
0.1715067063659447,0.07063711299261122,1
1.0258883512029775,0.7917972293463553,0
1.1054439986300364,0.12495274485578445,0
0.3417860018487189,1.1982091000795805,0
-0.8059569359264804,0.3780128902828863,0
-0.48265011540529423,1.194208787002854,0
1.1877202291909272,-0.5192169916403844,1
-0.5498990262772445,0.7246440464383381,0
-0.6457352097291268,0.9061119300087188,0
1.2538720592559385,0.10665198990268296,0
0.27604861171429806,1.2285841646786886,0
1.095580371443952,0.22182593310844811,0
0.8092051555868178,0.08048153133530117,0
0.8837265424449982,0.5923069540303119,0
1.1244303919122354,0.5541012505132779,0
-0.10612253496075832,1.0667706218266875,0
0.907980001612392,0.7391236137513972,0
0.035780723940713105,1.109610701113524,0
0.0962371810124808,1.291806179059869,0
1.3089693073340218,0.401977191998479,0
-0.603411398575141,0.7123374050705629,0
-0.0733612548663159,0.9477226412996036,0
-1.1520691859279073,0.29894770394665005,0
-0.7380993316483154,0.46649038268681503,0
-0.8122832948975873,0.4974924293083694,0
-0.9237228913808994,0.6478265360696244,0
0.19165401655348313,1.131266252450634,0
0.07824657097225071,1.134437325135385,0
1.2545930288677178,0.6852927775073172,0
1.0530053613272259,-0.27554725833698723,0
0.4768494420651903,0.9105399311427009,0
0.9405574833310131,-0.2882814907861472,1
1.1705834345801382,-0.21131279872654626,0
1.2556179353554051,-0.4431527850955861,1
-0.7614314673042533,0.09251504557773715,0
-0.13697142072246737,0.8892106594149451,0
0.44182993411678007,0.6591778416009189,0
1.218980013951583,0.8513814386387996,0
-0.7243791449533883,0.7995433085806235,0
0.6181373145402475,0.12905436112558155,0
0.11628162795387831,0.6002446838730842,0
-0.19840147246898152,0.578588255613298,0
-0.4192679394808144,0.7990653029706424,0
0.03231892688521339,1.0330042373077277,0
-0.7146716887149509,0.9374196319295023,0
-0.06803673913201591,0.9325723745599912,0
0.43318671096922656,0.7988649791986514,0
-0.9130436370904204,0.5383832295012487,0
0.71991389774041,0.43196269372364104,0
0.30839720559141204,0.22973175782642585,0
-0.4182676969264072,1.2877396990722527,0
-1.047390836982487,0.484317935868765,0
-0.49043557624361006,1.1184516218876985,0
1.474141255381198,-0.3865018390860127,1
-0.16793179388248633,0.7941678551824519,0
0.3459401152092263,1.1625059836556513,0
0.37705993520633796,1.0056477566745285,0
0.6285244947887135,0.29475474299920645,0
1.150979465330012,0.08628547222026012,0
-0.5386733003456863,0.6017497348484264,0
-0.15939732676854396,0.9991081203080305,0
0.23647542592056792,1.1519500315364137,0
-0.21518359126912892,0.9513813046490549,0
0.17471453642256973,-0.06066112790832852,1
-0.7763523134541219,0.3156064730893476,0
0.9732403569811241,0.3301599900168455,0
-0.6023845985068588,1.3200830961085241,0
-0.12401601967461429,1.2881102566044684,0
0.9395938214969958,0.7739240494805564,0
1.1786217308305709,0.912240059598804,0
-0.5599600786699257,0.5052791387208667,0
0.7833539908784342,0.7020304450754756,0
0.19023870116928915,1.0342999483100743,0
0.5211260777972784,0.5352209932539869,0
2.116933764423693,0.2850177412364127,1
1.719907838740851,-0.21986854421609497,1
-0.5926801387291623,0.569041680890199,0
0.045472452854374734,0.8382132513682885,0
1.2940045844007153,0.5170844537325449,0
-0.6305704450548971,0.7046335249262211,0
-0.5853564102816219,0.30178468481368975,0
0.1565838027717753,1.075338197478489,0
1.0455705903639767,-0.43942225567296406,0
0.7370666793262675,0.38708454712817864,0
1.1080527512525504,0.2779328090420324,0
1.0038491281032862,-0.022987836501617787,0
-0.07354785110419447,0.94742681245397,0
-0.8501179762624105,0.7650530158309139,0
0.6940093962110814,0.9496286868632964,0
-0.08347445970239699,0.8318989385388039,0
1.0303967808058883,0.6238169657051514,0
0.573587286359379,1.2516346172420127,0
0.3856476765765564,0.9830014315887513,0
0.6390724967717911,0.850886776585703,0
-1.1732064185528217,0.33790430871897187,0
-0.23968963815635944,0.9572067107256843,0
0.699800092531038,0.9155262813487582,0
-0.9693980228915751,0.14161768170220024,0
-0.34049618711488183,0.95724094868817,0
-1.315549457920592,-0.028930737281085223,0
1.2652726905127296,-0.5739574964900722,1
0.8544756983024756,0.12795283408095628,0
0.9110893648062186,0.7515630124123127,0
1.1119393144910226,0.23240477668661286,0
-1.026241992863779,0.5158863017161963,0
-0.2870518005049503,0.7746421884696791,0
0.9172215098848339,-0.5926943829139293,1
-0.2152183223260941,0.6390253326463711,0
1.8522425563666909,-0.09600974783554458,1
0.6661886900452408,0.8494846149467112,0
-0.5523506575218393,0.2036886183104012,0
-0.1764486426734609,1.3184159883506714,0
1.170115548339083,0.5047679940333847,0
0.8531379729988509,0.21529274397610715,0
0.8342699625488492,0.8591987995282659,0
-0.2282293112062193,0.8008481505137963,0
-0.9080784595493617,0.17726778387205994,0
0.9265967271236514,0.799506916809771,0
0.39882095640507437,0.7192296652566875,0
1.0794376828763972,0.1535734102856444,0
0.8449339425927898,-0.104828816095837,0
0.013492342967044536,1.1520805702866004,0
0.9149691369852032,0.8025996265652348,0
-0.9782881255314168,-0.22003374129797684,0
-0.8053268755768385,0.380958651890669,0
-0.6826842863380072,0.8808381957501434,0
-0.7635869615884978,0.18588115622873352,0
0.7153305472038523,0.7110973153491819,0
1.2527662064691132,0.1538662459275685,0
-0.864073258607464,0.31992418386877897,0
1.2007934550519177,0.3212403557078567,0
0.5588661409191532,1.0680681129236032,0
-0.40563998944548163,0.8985206804606599,0
0.1828694370771724,1.0707405864304615,0
0.8784549781580059,0.5888964545002882,0
1.2468949050750886,-0.35313324319869166,1
-0.43569896826886645,0.32057158291093,0
-1.1168538871885956,0.47120281300987776,0
0.41853706488950304,0.8929075396063044,0
-0.19044553049409277,0.7449204363649728,0
0.6960671621060136,0.7755968032777202,0
1.0601841964323746,0.32239226838176255,0
0.9428952842510187,0.09518556030082645,0
0.7329487619594015,0.19908203524737428,0
0.1302178664035193,1.152818797400313,0
-0.8094479859666784,0.26366109152374084,0
1.031159457545425,0.3964177008783293,0
0.7859606103338196,0.26052919948493636,0
0.692062399314875,0.624879961715666,0
-0.4681398222832036,0.7895791442707654,0
-0.5959280431943688,1.1709066663888195,0
0.7756343393334537,0.5337267931178126,0
0.021663495528370505,1.2711844279336078,0
-0.35720393972213016,1.1877636210532954,0
0.09979390870674337,1.32486845286172,0
1.1449925781072112,0.4652823268730297,0
-0.1515629404185021,1.03611078619863,0
0.19147990734708817,0.8829665954482675,0
1.1142809275810506,0.5657834643397179,0
-1.1761435155474096,0.18289284892748148,0
-0.7891414569396644,0.6871515439348815,0
0.25401327447295763,0.6558713211409368,0
0.6817873229549765,0.665383947211419,0
0.91001541163479,0.015641297761986084,0
0.37471346990434007,-0.5190917463221683,1
0.4366962047742395,0.9434770543294383,0
0.08636679016879065,0.9003816285620164,0
-0.08337353181198981,1.0081042376239318,0
0.8898049346261778,0.3270559836569417,0
0.9650045601613488,-0.6874230882722077,1
0.9812264602826312,0.7046780031572651,0
-0.43907773580486487,0.8794295925354416,0
0.043132912374832244,0.9869470057082813,0
0.3605872882513955,0.6213519499139336,0
0.1284445299235318,1.0183381905748252,0
0.27186413406858084,-0.17690079325958116,1
0.8260877723069902,1.1498677001505377,0
-0.7461892541159748,0.9729857809124844,0
0.5340338523813342,0.5626932066242436,0
0.47107923673979374,0.5493971036127048,0
0.07585376087955631,1.0396239870516761,0
0.3278732012334895,1.013016845881301,0
0.9680441622333213,0.5677418116250253,0
0.9913002222140057,0.1414715973134314,0
-0.6293269997128154,0.3058063678941236,0
0.5308600125568907,-0.007828868877503586,0
0.38723149744227,0.6968348312325041,0
0.341570934547897,1.3646260877029621,0
0.7765599182299968,0.9965300222523351,0
0.1721179911559036,0.791201945695293,0
0.9772844415850724,0.2698932176840075,0
-0.8010067168317516,1.129346763707352,0
-0.6115703000708046,0.7438579047037259,0
0.6280592049939056,1.014263999780907,0
-0.8644800189454445,0.6167678859679271,0
1.0097064787724725,0.43694734202268687,0
-1.202587584272631,0.12677989212752705,0
0.47351927906041186,-0.20373987829407508,1
0.4534990442261676,0.9248480011635611,0
0.3758321645308749,0.6770060150094325,0
-0.39987322637106915,0.42256499401004965,0
0.755280855879922,0.34427052960781196,0
-0.979920376228061,0.20463647877666943,0
-1.2474717533265869,-0.2681056555819009,0
-1.14708593675644,0.1539653050840148,0
1.4168577735531906,0.21188062272194635,0
0.40834020590018133,0.6682713168679488,0
1.0274290483064623,0.7526739426082298,0
0.5555553871666192,0.741537422467559,0
0.3622673724107418,-0.33732027817042026,1
-0.4277535416431171,0.786629202077211,0
1.9353562020329529,-0.0705509255176209,1
0.4181696258456331,1.25231492123017,0
-1.006246021131859,0.6672888520828943,0
0.863598913794016,0.5162217958163168,0
-1.0048486330049264,0.35781409315554463,0
0.7416709312039915,0.3298514227478266,0
0.2481851360436938,0.8714912157084516,0
1.2271620254818094,0.18559365411594414,0
-0.9818838325871205,0.31905300644360357,0
0.31914189185449815,-0.20494300488498546,1
0.9363896666887208,0.950528731185242,0
-0.8641500596315842,0.22265066856555515,0
0.621757976404254,1.3005203748774878,0
1.0893230026197096,0.6026057650523093,0
-0.41022348430542555,1.5061302149193776,0
-1.0489949511857564,0.4507833510038072,0
0.8407085926727329,1.0293411252028941,0
-0.7682513637259041,0.25856150501312186,0
0.7543219423245066,0.6628810636560344,0
0.2688569465426623,0.8264139208650032,0
0.1897898158475706,1.241057507334199,0
-0.5603940109018399,0.15158875664443844,0
0.08376839894299282,-0.5480624407885053,1
-0.026599854182145555,0.930759950034507,0
-0.2933715947296702,1.0862251461239025,0
0.9106801858392013,0.6158592493486172,0
-0.21353076207581595,1.4077208842773443,0
-0.25922373777524754,0.9190023696378106,0
1.9665284921615884,-0.387318449935275,1
0.854458424093611,0.5668553007229644,0
-0.4940977839626504,0.2752095125875528,0
1.2995641876173152,0.27727476302579174,0
0.46870115465128875,1.1266696364600812,0
0.0898557653288107,0.8647635143272395,0
1.186483575842196,0.19689360696881453,0
0.3939327814387925,0.9042225409455398,0
0.16897520566830043,0.9765932587980625,0
0.607468281890971,0.7443417180821885,0
-0.9653822627593762,0.2611376112099476,0
-0.672382503758518,0.8021102049585283,0
0.5828673004038349,-0.03933163299175718,1
0.8111955011105437,0.6262610432390153,0
-1.1610475059968957,0.5405989120596582,0
0.05898262451831014,0.9573828775181779,0
-0.09592795940631664,0.8976272625742978,0
0.4758762897155117,0.9052639086596417,0
1.175831127727951,0.7210880415808929,0
0.11090269306288644,0.7805139322755159,0
-0.8097228453410085,0.6832714618318596,0
0.2773345385139666,1.0798164637697751,0
-0.471117821168661,0.7126372966896739,0
0.0013985254966510235,-0.141631055560843,1
0.02460641738831154,1.1388022702354363,0
1.0692553242840832,0.7316513819644723,0
0.9392675850491122,0.4050243756441762,0
0.5176051603675947,0.836091229797896,0
-0.7903481690580385,1.4012676192745046,0
1.8675858579779092,-0.12002915570249238,1
-0.9538367672717961,0.5765166099473342,0
-0.9219889173130554,0.771785559414355,0
1.010476576539439,0.11195642274380913,0
-0.7515911017556535,1.034682828170808,0
0.11996723897337454,0.9998567359377097,0
0.8065147070125936,0.4279110280330598,0
1.0645449646208127,0.235023756235787,0
-0.42446348014358337,0.9195627045799036,0
-0.8789696246809406,0.7709484139153174,0
1.0677046236727963,-0.19531552996437687,0
-0.0856730184884891,1.0237635808474488,0
0.4056800956569121,0.8263526147696812,0
-0.31501545077136817,1.4213883919378594,0
-0.855683835458615,0.5002498928350414,0
-0.097818051015877,0.8186008097176214,0
0.9693807887353141,0.3460074806352171,0
-0.7713117117638564,0.5000885176325521,0
-0.997162806980618,0.4188327936859221,0
0.5359557768508774,0.01636855083300115,0
-1.0593657878421716,0.6736007681491769,0
0.4597421797714957,0.8570784477622961,0
0.7702018604622413,0.1676976104731493,0
0.4573670733936305,-0.14092905687646207,1
0.019211963663321396,1.108487505000895,0
-0.11569985804560996,0.7751879654775286,0
1.3476838222196785,0.6126722527546709,0
0.5789308560023908,0.4760594326299609,0
0.6415686449280362,0.5001520503971819,0
1.96549520302694,0.2846609215897303,1
-1.0296533882288383,0.2624923814421002,0
-0.9075458936677846,0.6660861372124618,0
-0.6617643734688412,1.1225554866995968,0
-0.6403860097513958,0.47335055706709117,0
0.33911166949794497,0.7257904689627807,0
-0.945734358376394,-0.01289015277264885,0
1.0627069078567846,-0.047729287970221426,0
-0.8438470421450388,0.40441654153274686,0
0.24745862157208637,1.0423579181198024,0
-0.5829425783729865,1.0452024699893459,0
-0.1939695931688445,0.8662025502189279,0
0.8502653752997354,0.1632799984352495,0
0.9762128056926692,0.08410442366101423,0
0.5889713196170068,1.0703141045331244,0
0.8754600392196497,1.0360639700254923,0
-0.6826237289171118,0.17951022936680883,0
-0.7316405417029912,0.17051008294980785,0
-0.49731714644359654,0.7479168824933831,0
-0.8971212892700099,0.5960699053247026,0
-0.5235423924583349,0.8476754248820566,0
0.5267438775122353,0.6400334159729689,0
-0.975228533498752,0.13585992310619424,0
0.29281737079928194,1.1175159651064734,0
-0.9971659025602002,0.7255858152561341,0
0.5997418656351858,1.2088097511344087,0
0.5632301318609599,0.9330760772901786,0
1.3252473573993626,-0.1109337320436873,1
-0.47916008314997427,0.9771618534558768,0
-0.9831037863150961,-0.5378047729310269,0
0.6413209666596513,0.9008321818155971,0
0.09203690277717938,0.9160823443911909,0
1.0059642394498658,0.3163107705340642,0
1.5152065276323445,-0.49246599007955544,1
0.5622638497393015,0.8333503236689135,0
0.6985601138165247,0.7809400430699849,0
-0.5701586315861241,0.7340551947360594,0
0.7514087263474288,0.7584629485560734,0
-0.5393229799102542,0.9877210436746917,0
-0.31231862544329425,0.7566457936766031,0
-0.21063641910654762,1.2548016406716063,0
0.9694312847323233,0.18438740786567706,0
0.76138811925488,0.5629243789654322,0
-0.7933114751790779,0.42246105292052455,0
-1.0420116523111054,0.33259850130499824,0
1.0399289051974003,0.40884073588855346,0
-0.8899435835862954,0.815925089004898,0
0.8615009211363217,-0.10112136962602708,0
0.256464725917828,0.9396408420176843,0
-0.33083318680252277,0.7047772988148524,0
-0.5633158714446764,0.009160606446577887,0
-0.5422546940158055,0.4503803240234739,0
-0.7663683825526638,-0.16281860312823696,0
0.3047156366263801,1.0618941639356017,0
-0.7297950130614983,1.0310022777299406,0
0.1886137740628811,0.8848898874661659,0
1.067239833855787,0.7821256555574254,0
-0.5762874880612392,1.078940311004506,0
-0.3852880448823499,0.593038043337544,0
0.7259456544813868,1.0579956440468508,0
0.7640251260447068,0.5092758289664855,0
-0.3990019137905977,0.47742062836436383,0
-0.6356514642630826,0.5885129510849603,0
0.3874888818238432,-0.5084357250261674,1
-1.2875085490694635,0.3566913185478243,0
0.7481923924212437,0.037646058327802184,0
0.020415715758203834,1.0178044742583843,0
-0.27907447892021664,1.3556730017714202,0
-0.23841459315262692,0.6989943089291677,0
-0.19215389128056903,0.9362064637157043,0
-0.7404362803716764,0.7896332725910028,0
-1.118049659058487,0.8349223568549982,0
0.16972915799558136,0.9910527148131619,0
-0.6012861755435251,0.6168842625753025,0
1.390865161069565,-0.24193317729305813,1
-0.6687865278459812,1.0523481196352762,0
-0.6245090525757379,0.6621450841001812,0
0.04766712399806103,0.8023803140123268,0
0.5127474049297179,0.8596952686540014,0
-0.9269708405991451,0.801358957048619,0
-0.6077462421694592,0.4579326679006226,0
-0.16457110401048453,1.16832626644097,0
0.9069984302178441,0.5847331812879792,0
-0.40261955344596884,1.1427362519623205,0
-0.802225180435098,0.7029951443504667,0
0.466241806972831,0.8451251186716097,0
0.5999581796563795,-0.19555005992745217,0
-1.2394261039132686,0.14573682299571064,0
0.5700722307754643,0.037376385426551,0
0.16727544254431229,1.407255234666786,0
-1.0830658136697833,-0.28255000530903424,0
0.00024709564791081107,1.0381562843191385,0
-0.8027060467607763,0.7462827335199487,0
0.3050950012898385,1.0263951865087182,0
-0.6323645747239737,0.9000536490591986,0
-0.17172523496717046,0.8175351222563952,0
-0.8176465658062849,0.4866747182886602,0
0.569213731077368,-0.25034051199756635,1
0.9226179456658277,0.6190518918172864,0
-0.7900311204020084,0.7439060661834237,0
-0.11345657200076834,0.711046802254427,0
0.3227707893878656,0.549102044571562,0
0.23849685474991145,0.5332639956280109,0
-1.0479589382253678,0.5643000345007488,0
1.183151542101957,0.10751964576403442,0
-1.0916632888610833,0.5015476736074416,0
0.2183539381124469,0.8297768613621814,0
-0.9541942646723581,0.16389770507300302,0
-0.7682973127432259,0.7618913326812705,0
0.3387292109946589,-0.19108269276951803,1
-0.003045889879961995,0.8157712161725408,0
-0.5222855471268246,1.4574543524133197,0
-0.7307148300427304,1.0281916594948115,0
-0.5139242182489716,0.8107243955701223,0
-0.7341118688559867,0.011145186824836034,0
0.6592144016777148,0.5751529951330793,0
-0.05450125264463211,0.8641102912863755,0
0.7088932209942009,-0.8444799003414653,1
0.3022518219182428,0.8772669427601332,0
0.8390521823722904,0.8137922355469278,0
0.17893433102728112,1.0296340824264136,0
0.24341650427523356,1.3123660413290616,0
0.41473843299307744,0.4986115106217317,0
-0.6647376926580871,1.01091077997157,0
-0.5993640535169974,0.7801799385635293,0
1.1562541439701157,0.7335937298011563,0
-0.35101679935660673,1.0148235105751933,0
1.883495756559273,0.378917097927134,1
1.2004756365284734,-0.19584407769578152,0
-0.7551110281689993,0.6540718035609414,0
0.15645086244703874,1.0531133601777614,0
-0.17699347419994094,0.9122049563179431,0
0.6998415107551516,0.3609360039425662,0
1.186103396081906,0.5726937167060309,0
1.7193870370358098,0.17464907051820483,1
-0.8464138977323596,0.8320653980210037,0
-0.6948771472886976,0.8209779302505975,0
-0.6219692489986149,0.8516477063181247,0
-1.1130963929607625,0.47015102217775206,0
0.8958302116065611,0.5533187418039482,0
0.8427488860790168,0.49709809801714894,0
-0.2668349193923542,0.8614732233645461,0
-0.18337070425557697,1.1798402580468925,0
-0.21197020148286838,0.6476155385971062,0
1.0858459245184486,0.2919483038097921,0
0.8834346188232977,0.20551237678915424,0
1.2837622512991622,0.10214997345023119,0
-0.24133885882250894,1.0126032253525488,0
-0.1455461796074209,0.9450992104255174,0
-1.1494404627102666,0.4878419281284861,0
-0.06252523670924601,1.101413755013363,0
0.4635500073960469,0.389273773558729,0
0.279259693365654,0.7108501804633873,0
0.06014851168638041,0.8476272743597306,0
0.09283455322271746,0.04347804625028041,1
0.23084466990436536,1.1841581947900939,0
-0.6286183221961583,0.19767589966734336,0
1.1315636739659958,0.4190792906430726,0
-0.05578879404819173,1.167210835520608,0
1.1643815662750239,0.40611295027990785,0
-0.8919178500112744,-0.03110621807915047,0
-0.2446752474802269,0.11723085698838594,1
-0.5482227691495432,1.1447908519988523,0
-0.30156924255653084,0.8194297287313692,0
0.41043156867199393,1.112237410988214,0
-0.6059061636045051,0.8739868257263352,0
2.1830627038773365,0.22693953119979174,1
-0.5458887023208467,0.4730087048561348,0
-0.3649660672325227,0.23179287172202273,0
0.8379528136307371,-0.5370513617594536,1
-1.0302577416554373,0.3728055262555174,0
0.9745958350278547,0.5516691897515814,0
-0.8950681738691647,0.8333539881168304,0
0.013982187358982268,1.1347868201498685,0
0.411793576443103,0.6446287546784413,0
1.0241300503688455,-0.4059864194591296,0
-0.042610692288426934,0.6069885313551023,0
0.029407912675329113,0.7932242700186483,0
0.34210918344040087,0.6937761431576938,0
0.5754192252332808,0.7657752272996512,0
1.0762572956253658,-0.5346001056174051,1
0.6112422977181196,0.5532443387815124,0
0.6605408712940217,0.9803418037972629,0
-0.7740755757114051,0.615261134385134,0
0.7245419861745875,0.13748437531596866,0
-0.9254680486882403,0.6435603762634381,0
0.6533878504105444,0.2431319513202302,0
-0.8790851637914209,0.6294433402253679,0
0.03003012887637409,0.9231522559727017,0
-0.7513560814360054,0.044752954196900674,0
1.7743220075040007,0.12164001845744238,1
0.9440247326201108,0.6088929510457204,0
-0.6767020422306316,0.6159889418577711,0
1.0459973619397838,0.4650496276511054,0
0.7581989257806853,0.8432427346159359,0
0.7600087695065025,0.8783469273067469,0
-1.3350047747692828,0.12021743926710593,0
0.3937764184343566,0.08616665914972724,1
-1.0390455473388556,-0.05072204928343228,0
-1.278917998494037,0.4537738310635342,0
0.8673463008819005,0.7525303931115073,0
0.7032557853566994,0.48467780060828386,0
0.11003285315247578,0.8181455140747854,0
-0.8273110583835777,-0.11250703343851289,0
0.8083030473568193,0.6289646274453923,0
0.961628805523266,0.3406422359140844,0
0.6738790953952938,0.5455880414003271,0
0.6841048926047354,1.0215737886294431,0
-0.6161733308854146,0.6290796399472514,0
-0.8813663427297415,-0.01382321032872292,0
-0.8899204992454501,0.9337297693184955,0
0.9585998900752712,0.6428841204338664,0
-0.5138505104789529,0.8305063027333881,0
1.0604862958568508,0.11280375555623093,0
1.4465775470263709,0.27268842567906915,0
1.5925638402696118,-0.25910565844198075,1
1.1485592180898485,0.2111552664602889,0
0.6037317914663807,0.8594908405096576,0
0.836166856027129,0.3699467562439126,0
1.479269447149284,-0.590367448819618,1
0.7857399453851086,0.4260728539400197,0
0.34585512435253263,1.0031937624373028,0
-1.0400010074635597,0.6120562605818581,0
0.7309366278486165,1.1355079372612356,0
2.1230677896594443,-8.688575683620144e-05,1
-0.5318917504469776,0.27003620666480066,0
-0.8834337625429712,0.2517651629723532,0
-0.5918617181258037,0.6451511467552866,0
-0.4842748655048617,0.4664774301934157,0
0.6394989607400899,0.8725563540085197,0
0.5604136825254631,0.37002297824088115,0
0.5264222158778458,0.9743819707644378,0
-1.003477098437009,0.6579568697019956,0
-0.06176810871185204,1.0655083286112443,0
-0.33106131083671525,1.1141199739227892,0
-0.2754500116037682,1.0453391608740001,0
-1.01382912699427,0.08880395361132024,0
0.5807582532095626,0.23645846125171177,1
-1.1302113738379604,0.105460285700536,0
-0.9231077353037337,0.2850812113278528,0
-0.8141360007885405,0.6942952625820222,0
0.8922720395251444,0.7211569553616755,0
0.13338747237128307,0.6734767761129197,0
-0.8987927439586878,0.11201134825313468,0
-1.0513337637240046,-0.15123832243266194,0
-0.3986950676317381,0.9359219880982131,0
-0.4822282007678048,0.8262099877325004,0
-0.812173736178404,-0.04246765795020266,0
0.6301103367658213,0.8957458374955476,0
-0.570549973218654,1.1705134339787604,0
0.9632800343721799,0.6124266585979646,0
0.7574446084358927,0.3698433869831961,0
-0.37363148730607554,0.903220354918259,0
-1.231222814955055,0.22269315347597565,0
-1.103511176218872,0.23208794078735376,0
0.30402916493955817,0.2576908867224553,1
-0.3966196533792369,0.8311359294743021,0
-0.7240482820121198,0.5149095237629737,0
-0.6111348971744153,0.8734909686581239,0
-0.763637586647002,0.5897113381556173,0
0.9661666617376561,-0.5360998102824875,1
-0.644664935925487,0.5443232508951675,0
0.9002546962550222,0.6411210321879282,0
-0.6438340493024177,0.7489407304662191,0
1.0005655000543212,0.356467085583511,0
1.242104212491054,0.037263060023956324,0
0.022020557226243798,0.8257708225117905,0
0.3260286147516845,0.6028822341104877,0
-0.8246544226126061,1.0973831814747772,0
-0.11511422767161535,0.4767356347181974,1
-0.8239022737061306,0.5070700169425238,0
0.961708319292161,0.22148601355005176,0
0.40533810128619724,0.8430298328726842,0
0.377843944233757,0.22997718253700522,0
0.9224533388026739,0.5148649309637323,0
0.9186985235630082,-0.6129686131977345,1
0.6916324009867172,0.8213183035632525,0
0.006566225048244723,0.9373901335171853,0
-0.2939697604964897,0.9945080624697599,0
0.8606355831435193,0.5114363025636279,0
-1.1678996938140658,0.21267631090917094,0
0.02826268743943372,1.4901727312557564,0
-1.11884999368386,0.5042911198090199,0
-1.1332881441053715,0.13286951747231904,0
-1.2507655372772901,0.35881714308510126,0
-0.17246613639860073,0.9134604065610992,0
0.8361563037315006,0.6585058559873863,0
0.285506147435651,0.9560436640320873,0
0.4817775002763811,0.9718970921451818,0
0.5036630907644251,0.34081842061939943,0
1.9509454113656401,0.22635661667217466,1
-0.0956697830237685,1.0470182244791968,0
0.8975170302182114,0.6191988670967056,0
-0.9567186769636782,-0.15826697107977516,0
-0.765005301892864,0.8807846491295613,0
-0.2274013841311779,0.9101970038325627,0
-0.2115001422275051,1.2498671144526574,0
1.051355200961634,0.4534371664341294,0
-0.9858362946049394,-0.04384567021397101,0
-0.7424351331252037,0.4053623106875583,0
-0.0006808789962684247,0.9388290412468018,0
0.6744677940315453,-0.147564663832414,0
0.8998693705343302,0.18194284769830704,0
0.7388919812171668,0.6842155682484159,0
-1.1667240973520678,0.18789933127955954,0
0.9459676477873213,0.7287702115466224,0
-0.605994501985035,0.6903078183815947,0
-0.7334583355541091,0.6328444281694316,0
-0.8303812355348602,0.4755110420036472,0
-0.4259224982837302,0.5194958256894442,0
-0.9219166984717702,0.5463564299013209,0
-0.22337340772873687,1.2237193521290295,0
0.09909346730116109,0.4211164938991594,0
1.0052252856996768,0.4931599499693584,0
-0.827866139985074,1.1036600440405056,0
0.5962130256542447,0.8387411310223128,0
-1.1769638097963115,0.22525390063051454,0
-0.685254509916617,-0.06563892398338557,0
-1.2664904852065089,0.8195136419372748,0
0.5869899313272866,0.655335911593517,0
1.0726242040875054,0.3556029884178262,0
0.4992750395300972,0.7403080169043161,0
-0.08131124701783735,0.888052634823261,0
0.2941241567234945,1.0453944562752857,0
-0.3895837643233141,0.3512651486022679,0
0.008367770890313098,0.7033603743963638,0
1.1784218492735907,0.0695930685579007,0
0.46229158096067036,0.7336503200185096,0
0.25465655709734886,0.8333768729828909,0
-0.9798179155570657,0.42591504501922456,0
0.8769618389768838,1.0590391988831451,0
-1.1168228209739668,0.5195391190422065,0
1.0986097603608829,0.8077645335649007,0
1.0937839937730003,0.19309770896637335,0
-0.022703435354775835,1.593824515396903,0
-1.0538155098471313,0.12399488272470713,0
-0.49024368538235874,0.8566529136122726,0
0.5031949422546848,0.6749142149817079,0
0.5408927350129027,0.7365381947227684,0
0.10854742504831272,0.9233790700957754,0
0.08324633342194046,1.0773179269740392,0
0.19122389110669358,0.7891626121601262,0
0.864315720750591,0.39021168119661437,0
0.35041570507182307,0.9219145043202621,0
0.3381742430723442,0.16452961866055266,1
2.0926634284482626,0.11020284324193291,1
0.28117852441363145,0.31303823543880516,0
-0.7273693778134658,0.37801720498138913,0
1.1325388689145346,-0.651553745346573,1
0.6268548783092256,0.7611683798737907,0
1.0567169169997443,0.1137862684573864,0
0.9456807401397503,0.15029576874191236,0
0.608214058351931,0.9964552139139361,0
-0.8478680716141125,0.8665205786966286,0
0.8700422638341727,-0.11412214299886905,0
-0.6723780690357074,0.5931075730317851,0
1.0115041762148724,0.23422692216694163,0
0.7570258495388857,0.2343384772294212,0
-0.8527786579927678,0.8226735377851134,0
1.1106977761960541,0.4759922115464317,0
2.0554737362292017,-0.09116023033304704,1
0.9039618115884096,0.27736413887400385,0
0.8605995026951346,0.07751425823376784,0
-0.8275338302302524,0.666429858130207,0
0.27936212135346467,1.1373060782570241,0
-0.25469548593192004,0.9494156299658408,0
0.7105853190890798,0.8501891787336632,0
0.9624744459899047,0.5689177256319161,0
-0.6668758774600438,0.7034351059083652,0
-1.2066013644872262,0.31412946110282014,0
-0.4689287224227932,0.8755324396332687,0
-0.9632942845767244,0.17212033836400942,0
1.066752922103408,-0.04650354611698476,0
-0.31696624660611616,0.5640528518119934,0
-1.1704416361614305,0.008336468166870475,0
-0.4889042708101065,1.0452557935888283,0
0.5996717144881247,0.08075527661163776,0
0.5999747625427889,0.7237636930359063,0
1.1618564037420793,0.5365102665129804,0
-0.8475978019153543,1.036556063512033,0
0.9246053399950368,0.12988708536602914,0
0.17338452867241788,0.07146293417752342,1
0.34595779346390176,-0.2729954457563696,1
0.08299733360512218,1.2217187318080178,0
0.287289193223239,1.0925765798125227,0
-0.9292230771454139,0.25946692596782484,0
-0.22010980970493954,0.5968358036663,0
0.3480686838279064,1.0461039073869047,0
0.8542578435333164,0.46751024725331447,0
-1.021143201753379,0.6141526344883192,0
-1.1614762759858437,0.3154712666162347,0
0.4429000565165139,0.9764902355787689,0
-1.0417278788310114,-0.2754843839174377,0
-0.11618638696182657,1.3388163829264597,0
-0.09550803411201675,0.9544931246042744,0
0.4464513223676651,0.9727377900300952,0
-1.00649809508678,0.36387294606845966,0
-0.9381938720230163,0.4437464607178233,0
0.8204696188528683,1.300093329026005,0
0.6012568056783003,0.5888198292719199,0
-0.19928917539947988,0.9485316759543754,0
0.5574546390723252,1.1312303955759495,0
-0.9899115611864353,0.36271800642436103,0
-0.3650912358373255,0.7116558631783012,0
-0.6113800571254955,0.5159131386093935,0
-1.2015331932709665,0.4185616256229686,0
-0.9214468246359648,0.3500891565621085,0
-1.294128350454685,0.0004297418857633073,0
1.7728217506207984,-0.544660618076333,1
-0.8340747547538458,-0.06281666624627578,0
-0.9248639502743118,0.6379831468863828,0
0.7910977196026763,0.7659898567559628,0
0.804645703302758,0.3771515669437465,0
0.7178156421242994,0.29695905502943304,0
-0.2966379432395674,0.9274485496490599,0
-1.0565994708059852,0.48288754979706544,0
-0.17357530951510847,1.161166556292348,0
0.2916181008937496,1.2829143741706468,0
0.9169733033156923,0.4215673928595063,0
0.23062674065033636,1.0933639692839725,0
-0.8055498790905157,0.5319523110565353,0
0.7639116169822512,0.7724833883086243,0
1.1889898237468,-0.04705665765486733,0
0.7968593707736509,0.4595069744618072,0
-0.8788221941892279,0.24950529552678052,0
1.6202267643252124,-0.10099523374047806,1
0.7254358463421102,0.6470361782005765,0
0.48338243950817783,0.9087754433975396,0
0.6568074773188681,0.8550305383951734,0
-0.6866754344973003,0.5615322234035419,0
0.7547832300941114,-0.1964647542477997,1
0.808302451303793,0.42701622043416004,0
-0.5478728768802867,0.9082089318815958,0
1.1402282298369606,0.1783033277913641,0
-1.0905352364948522,0.22681251679703482,0
-0.18273726974596394,1.1170475892057856,0
-0.10158755943248576,0.9231299929956145,0
0.8107164163495697,0.2301381579198427,0
0.5769469747537856,0.8936624939229758,0
-0.8490281819525621,0.6627825177940782,0
-0.2942265631594163,1.1473200312004068,0
-0.15352779548696419,0.6373697211482083,0
-0.5422685238509815,0.7713506833843006,0
-0.39864720464294356,0.6002645327887945,0
0.02901397693730573,0.5923499228757629,0
-0.7777276868656765,0.3998153690193069,0
-0.6312983145105362,0.7677598913419431,0
-1.1234286875972281,0.5163072573170171,0
1.7089847373250497,-0.004544755619670396,1
0.7458458759916993,0.1899671268796528,0
-0.8759678667365252,0.36125468069322036,0
0.2835115427881153,1.0946735630216067,0
-0.5052115824302965,0.8480817775459853,0
-1.1948699817954358,0.043370024739753765,0
1.0245825125906247,0.018804378988456216,0
-0.725072536912152,0.7406583009212513,0
0.944313011942784,-0.043663811272969116,0
-0.9242999407501695,0.6712202551631866,0
0.06089325171022006,1.1337329826806046,0
-1.0325722986784016,0.07721953636903217,0
0.8796357791959645,0.5114762211071541,0
0.5034678494662799,0.0672845830508712,0
-0.13116309021345368,1.0540195807584198,0
-0.4934115310987157,0.8379802550920641,0
0.45202744916501564,0.8776321617239209,0
-0.2565789119522044,1.070411947547006,0
-0.24865672865688435,0.9924137075933388,0
0.5957939412159177,0.6416481268514281,0
0.7285755382740243,-0.3310354389030267,1
-0.32288980217008967,0.9885671493343218,0
-0.5010975456150168,0.6557421509040399,0
0.0018032425413418984,1.2087864478813812,0
-0.5664867453967684,1.0715707512079267,0
